Juan Perez,54,juan.perez@example.com,Malaga
Ana Gomez,37,ana.gomez@example.com,Malaga
Carlos Sanchez,65,carlos.sanchez@example.com,Bilbao
Maria Rodriguez,38,maria.rodriguez@example.com,Valencia
Luis Fernandez,26,luis.fernandez@example.com,Valencia
Sofia Lopez,63,sofia.lopez@example.com,Sevilla
Pedro Martinez,40,pedro.martinez@example.com,Valencia
Laura Ortiz,51,laura.ortiz@example.com,Zaragoza
Miguel Gutierrez,56,miguel.gutierrez@example.com,Zaragoza
Isabel Morales,27,isabel.morales@example.com,Alicante
Diego Alonso,29,diego.alonso@example.com,Salamanca
Lucia Navarro,49,lucia.navarro@example.com,Bilbao
Javier Herrera,33,javier.herrera@example.com,Salamanca
Patricia Iglesias,36,patricia.iglesias@example.com,Granada
Alberto Gil,55,alberto.gil@example.com,Bilbao
Sandra Marin,55,sandra.marin@example.com,Sevilla
David Ruiz,36,david.ruiz@example.com,Sevilla
Paula Vargas,56,paula.vargas@example.com,Malaga
Rafael Mendez,33,rafael.mendez@example.com,Madrid
Carmen Aguilar,41,carmen.aguilar@example.com,Alicante
Daniel Soto,36,daniel.soto@example.com,Bilbao
Elena Cruz,51,elena.cruz@example.com,Sevilla
